{
  "grader_version": "v1",
  "results": {
    "synth-t1-burnt-sage-kitchen-9322": {
      "near_perfect": {
        "reward": 1.0,
        "details": {
          "final_reward": 0.9999999999999997,
          "viewport": {
            "width": 1280,
            "height": 800
          },
          "weights": {
            "ssim": 0.7,
            "color": 0.3
          },
          "per_page": {
            "about-cook": {
              "ssim": 1.0,
              "color_histogram": 0.999999999999999,
              "combined": 0.9999999999999997
            },
            "ingredients": {
              "ssim": 1.0,
              "color_histogram": 0.9999999999999991,
              "combined": 0.9999999999999997
            },
            "method": {
              "ssim": 1.0,
              "color_histogram": 0.9999999999999988,
              "combined": 0.9999999999999996
            },
            "notes": {
              "ssim": 1.0,
              "color_histogram": 0.999999999999999,
              "combined": 0.9999999999999997
            },
            "recipe": {
              "ssim": 1.0,
              "color_histogram": 0.999999999999999,
              "combined": 0.9999999999999997
            }
          }
        }
      },
      "mediocre": {
        "reward": 0.465212,
        "details": {
          "final_reward": 0.4652120592761454,
          "viewport": {
            "width": 1280,
            "height": 800
          },
          "weights": {
            "ssim": 0.7,
            "color": 0.3
          },
          "per_page": {
            "about-cook": {
              "ssim": 0.638475819405453,
              "color_histogram": 0.015386718749999985,
              "combined": 0.451549089208817
            },
            "ingredients": {
              "ssim": 0.705720466598844,
              "color_histogram": 0.00692740885416666,
              "combined": 0.4960825492754408
            },
            "method": {
              "ssim": 0.6531898962400586,
              "color_histogram": 0.013663736979166652,
              "combined": 0.461332048461791
            },
            "notes": {
              "ssim": 0.6543312926593844,
              "color_histogram": 0.013809570312499986,
              "combined": 0.46217477595531903
            },
            "recipe": {
              "ssim": 0.6424785958187271,
              "color_histogram": 0.017289388020833314,
              "combined": 0.454921833479359
            }
          }
        }
      },
      "bad": {
        "reward": 0.481746,
        "details": {
          "final_reward": 0.4817458509726057,
          "viewport": {
            "width": 1280,
            "height": 800
          },
          "weights": {
            "ssim": 0.7,
            "color": 0.3
          },
          "per_page": {
            "about-cook": {
              "ssim": 0.6836622445630671,
              "color_histogram": 0.3372617187499997,
              "combined": 0.5797420868191469
            },
            "ingredients": {
              "ssim": 0.7879098113079535,
              "color_histogram": 0.331391927083333,
              "combined": 0.6509544460405672
            },
            "method": {
              "ssim": 0.7004979778197199,
              "color_histogram": 0.333998372395833,
              "combined": 0.5905480961925538
            },
            "notes": {
              "ssim": 0.6964414855332296,
              "color_histogram": 0.33325195312499967,
              "combined": 0.5874846258107606
            },
            "recipe": {
              "combined": 0.0,
              "note": "missing agent output"
            }
          }
        }
      }
    }
  },
  "summary": {
    "near_perfect": {
      "mean": 1.0,
      "stdev": 0.0,
      "n": 1
    },
    "mediocre": {
      "mean": 0.465212,
      "stdev": 0.0,
      "n": 1
    },
    "bad": {
      "mean": 0.481746,
      "stdev": 0.0,
      "n": 1
    },
    "inversions": 1
  }
}