{
  "final_reward": 0.8716740972601666,
  "viewport": {
    "width": 1280,
    "height": 800
  },
  "weights": {
    "ssim": 0.7,
    "color": 0.3
  },
  "per_page": {
    "about": {
      "ssim": 0.8307522461465602,
      "color_histogram": 0.9666761067708323,
      "combined": 0.8715294043338417
    },
    "blog": {
      "ssim": 0.8251779027669367,
      "color_histogram": 0.9292789713541657,
      "combined": 0.8564082233431054
    },
    "contact": {
      "ssim": 0.8693659124449372,
      "color_histogram": 0.967435546874999,
      "combined": 0.8987868027739556
    },
    "home": {
      "ssim": 0.8499439050429132,
      "color_histogram": 0.9653170572916657,
      "combined": 0.8845558507175388
    },
    "pricing": {
      "ssim": 0.8196799247427028,
      "color_histogram": 0.9110475260416657,
      "combined": 0.8470902051323916
    }
  }
}